{"cameraMode":{"drawMode":0,"name":"Shaded","section":"Shading Mode"},"sceneLighting":false,"audioPlay":false,"sceneViewState":{"showFog":true,"showMaterialUpdate":false,"showSkybox":true,"showFlares":true,"showImageEffects":true,"showParticleSystems":true},"in2DMode":false,"pivot":{"x":59.345001220703128,"y":4.786400318145752,"z":166.69412231445313},"rotation":{"x":0.23693275451660157,"y":-0.348852276802063,"z":0.09162607043981552,"w":0.9020918011665344},"size":15.221227645874024,"orthographic":false}