{"cameraMode":{"drawMode":0,"name":"Shaded","section":"Shading Mode"},"sceneLighting":true,"audioPlay":false,"sceneViewState":{"showFog":true,"showMaterialUpdate":false,"showSkybox":true,"showFlares":true,"showImageEffects":true,"showParticleSystems":true},"in2DMode":false,"pivot":{"x":42.035011291503909,"y":64.76792907714844,"z":-80.74925231933594},"rotation":{"x":0.28950297832489016,"y":-0.1471339762210846,"z":0.04508843645453453,"w":0.944725751876831},"size":29.315746307373048,"orthographic":false}