{"cameraMode":{"drawMode":0,"name":"Shaded","section":"Shading Mode"},"sceneLighting":false,"audioPlay":false,"sceneViewState":{"showFog":true,"showMaterialUpdate":false,"showSkybox":true,"showFlares":true,"showImageEffects":true,"showParticleSystems":true},"in2DMode":false,"pivot":{"x":241.31558227539063,"y":65.17041015625,"z":85.07859802246094},"rotation":{"x":0.1554538756608963,"y":0.6459901928901672,"z":-0.1366754174232483,"w":0.7347452640533447},"size":132.94102478027345,"orthographic":false}