{"cameraMode":{"drawMode":0,"name":"Shaded","section":"Shading Mode"},"sceneLighting":false,"audioPlay":false,"sceneViewState":{"showFog":true,"showMaterialUpdate":false,"showSkybox":true,"showFlares":true,"showImageEffects":true,"showParticleSystems":true},"in2DMode":false,"pivot":{"x":-15.145523071289063,"y":83.00995635986328,"z":-10.772517204284668},"rotation":{"x":-0.6938101053237915,"y":0.011461993679404259,"z":-0.011045453138649464,"w":-0.7199821472167969},"size":10.03836727142334,"orthographic":false}