{"cameraMode":{"drawMode":0,"name":"Shaded","section":"Shading Mode"},"sceneLighting":true,"audioPlay":false,"sceneViewState":{"showFog":true,"showMaterialUpdate":false,"showSkybox":true,"showFlares":true,"showImageEffects":true,"showParticleSystems":true},"in2DMode":false,"pivot":{"x":-23.905603408813478,"y":22.539098739624025,"z":200.79351806640626},"rotation":{"x":-0.08002054691314697,"y":0.20779745280742646,"z":-0.017059365287423135,"w":-0.9747440218925476},"size":207.04580688476563,"orthographic":false}