{"cameraMode":{"drawMode":0,"name":"Shaded","section":"Shading Mode"},"sceneLighting":true,"audioPlay":false,"sceneViewState":{"showFog":true,"showMaterialUpdate":false,"showSkybox":true,"showFlares":true,"showImageEffects":true,"showParticleSystems":true},"in2DMode":false,"pivot":{"x":274.4621276855469,"y":-222.8082275390625,"z":-408.0140380859375},"rotation":{"x":0.5514964461326599,"y":-0.02251635491847992,"z":0.014894187450408936,"w":0.8337402939796448},"size":2209.700439453125,"orthographic":false}