{"cameraMode":{"drawMode":0,"name":"Shaded","section":"Shading Mode"},"sceneLighting":false,"audioPlay":false,"sceneViewState":{"showFog":true,"showMaterialUpdate":false,"showSkybox":true,"showFlares":true,"showImageEffects":true,"showParticleSystems":true},"in2DMode":false,"pivot":{"x":1.631195068359375,"y":1.7658562660217286,"z":1.6019630432128907},"rotation":{"x":0.26894500851631167,"y":-0.6110467314720154,"z":0.23233705759048463,"w":0.7073259949684143},"size":14.552952766418457,"orthographic":false}