{"cameraMode":{"drawMode":0,"name":"Shaded","section":"Shading Mode"},"sceneLighting":false,"audioPlay":false,"sceneViewState":{"showFog":true,"showMaterialUpdate":false,"showSkybox":true,"showFlares":true,"showImageEffects":true,"showParticleSystems":true},"in2DMode":false,"pivot":{"x":-3.235173463821411,"y":-1.7004252672195435,"z":3.3688292503356935},"rotation":{"x":0.09734620898962021,"y":-0.6862027645111084,"z":0.09345503151416779,"w":0.7147837281227112},"size":9.739922523498536,"orthographic":false}