{"cameraMode":{"drawMode":0,"name":"Shaded","section":"Shading Mode"},"sceneLighting":false,"audioPlay":false,"sceneViewState":{"showFog":true,"showMaterialUpdate":false,"showSkybox":true,"showFlares":true,"showImageEffects":true,"showParticleSystems":true},"in2DMode":false,"pivot":{"x":1.2640235424041749,"y":1.4872348308563233,"z":2.918398380279541},"rotation":{"x":0.5747958421707153,"y":-0.0024547833018004896,"z":0.001725672511383891,"w":0.8182913661003113},"size":12.261359214782715,"orthographic":false}