{"cameraMode":{"drawMode":0,"name":"Shaded","section":"Shading Mode"},"sceneLighting":false,"audioPlay":false,"sceneViewState":{"showFog":true,"showMaterialUpdate":false,"showSkybox":true,"showFlares":true,"showImageEffects":true,"showParticleSystems":true},"in2DMode":false,"pivot":{"x":2.1158695220947267,"y":0.6168131828308106,"z":-2.1281986236572267},"rotation":{"x":0.26894500851631167,"y":-0.6110467314720154,"z":0.23233705759048463,"w":0.7073259949684143},"size":7.6959333419799809,"orthographic":false}