{"cameraMode":{"drawMode":0,"name":"Shaded","section":"Shading Mode"},"sceneLighting":false,"audioPlay":false,"sceneViewState":{"showFog":true,"showMaterialUpdate":false,"showSkybox":true,"showFlares":true,"showImageEffects":true,"showParticleSystems":true},"in2DMode":false,"pivot":{"x":-2.9890356063842775,"y":126.52031707763672,"z":8.353338241577149},"rotation":{"x":-0.6796590089797974,"y":-0.010328102856874466,"z":0.009571236558258534,"w":-0.7333930730819702},"size":10.03836727142334,"orthographic":false}