{"cameraMode":{"drawMode":0,"name":"Shaded","section":"Shading Mode"},"sceneLighting":true,"audioPlay":false,"sceneViewState":{"showFog":true,"showMaterialUpdate":false,"showSkybox":true,"showFlares":true,"showImageEffects":true,"showParticleSystems":true},"in2DMode":false,"pivot":{"x":-56.10000228881836,"y":78.80000305175781,"z":119.625},"rotation":{"x":-0.19064971804618836,"y":0.2196742594242096,"z":-0.04381835088133812,"w":-0.9557593464851379},"size":40.21853256225586,"orthographic":false}