{"cameraMode":{"drawMode":0,"name":"Shaded","section":"Shading Mode"},"sceneLighting":false,"audioPlay":false,"sceneViewState":{"showFog":true,"showMaterialUpdate":false,"showSkybox":true,"showFlares":true,"showImageEffects":true,"showParticleSystems":true},"in2DMode":false,"pivot":{"x":31.65432357788086,"y":-38.57395553588867,"z":31.693279266357423},"rotation":{"x":0.058394256979227069,"y":-0.9416027665138245,"z":0.2337685376405716,"w":0.23521630465984345},"size":14.15731430053711,"orthographic":false}