{"cameraMode":{"drawMode":0,"name":"Shaded","section":"Shading Mode"},"sceneLighting":false,"audioPlay":false,"sceneViewState":{"showFog":true,"showMaterialUpdate":false,"showSkybox":true,"showFlares":true,"showImageEffects":true,"showParticleSystems":true},"in2DMode":false,"pivot":{"x":-15.199999809265137,"y":78.80000305175781,"z":0.02500009536743164},"rotation":{"x":-0.5208078026771545,"y":-0.014579265378415585,"z":0.008896807208657265,"w":-0.8535031676292419},"size":40.21853256225586,"orthographic":false}