{"cameraMode":{"drawMode":0,"name":"Shaded","section":"Shading Mode"},"sceneLighting":true,"audioPlay":false,"sceneViewState":{"showFog":true,"showMaterialUpdate":false,"showSkybox":true,"showFlares":true,"showImageEffects":true,"showParticleSystems":true},"in2DMode":false,"pivot":{"x":4.74671745300293,"y":44.687477111816409,"z":-1.6383094787597657},"rotation":{"x":-0.4350832402706146,"y":0.029182709753513337,"z":-0.014109963551163674,"w":-0.8998066186904907},"size":92.9834213256836,"orthographic":false}