{"cameraMode":{"drawMode":0,"name":"Shaded","section":"Shading Mode"},"sceneLighting":true,"audioPlay":false,"sceneViewState":{"showFog":true,"showMaterialUpdate":false,"showSkybox":true,"showFlares":true,"showImageEffects":true,"showParticleSystems":true},"in2DMode":false,"pivot":{"x":43.25756072998047,"y":80.4969482421875,"z":31.68948745727539},"rotation":{"x":-0.13879016041755677,"y":0.8611858487129211,"z":-0.34230852127075198,"w":-0.3491721451282501},"size":75.50055694580078,"orthographic":false}