{"cameraMode":{"drawMode":0,"name":"Shaded","section":"Shading Mode"},"sceneLighting":false,"audioPlay":false,"sceneViewState":{"showFog":true,"showMaterialUpdate":false,"showSkybox":true,"showFlares":true,"showImageEffects":true,"showParticleSystems":true},"in2DMode":false,"pivot":{"x":-41.671871185302737,"y":117.69264221191406,"z":1.8437480926513672},"rotation":{"x":-0.3316163122653961,"y":-0.4678856134414673,"z":0.19500479102134705,"w":-0.7956675291061401},"size":91.95654296875,"orthographic":false}