{"cameraMode":{"drawMode":0,"name":"Shaded","section":"Shading Mode"},"sceneLighting":false,"audioPlay":false,"sceneViewState":{"showFog":true,"showMaterialUpdate":false,"showSkybox":true,"showFlares":true,"showImageEffects":true,"showParticleSystems":true},"in2DMode":false,"pivot":{"x":3.965031623840332,"y":13.052450180053711,"z":-7.2229814529418949},"rotation":{"x":0.06695230305194855,"y":-0.8776218891143799,"z":0.12860296666622163,"w":0.4569009840488434},"size":18.389698028564454,"orthographic":false}