{"cameraMode":{"drawMode":0,"name":"Shaded","section":"Shading Mode"},"sceneLighting":false,"audioPlay":false,"sceneViewState":{"showFog":true,"showMaterialUpdate":false,"showSkybox":true,"showFlares":true,"showImageEffects":true,"showParticleSystems":true},"in2DMode":false,"pivot":{"x":-9.279438018798829,"y":16.116472244262697,"z":-11.833206176757813},"rotation":{"x":0.1554538756608963,"y":0.6459901928901672,"z":-0.1366754174232483,"w":0.7347452640533447},"size":37.23956298828125,"orthographic":false}