{"cameraMode":{"drawMode":0,"name":"Shaded","section":"Shading Mode"},"sceneLighting":false,"audioPlay":false,"sceneViewState":{"showFog":true,"showMaterialUpdate":false,"showSkybox":true,"showFlares":true,"showImageEffects":true,"showParticleSystems":true},"in2DMode":false,"pivot":{"x":-1.2438700199127198,"y":-0.02613971196115017,"z":0.04805145040154457},"rotation":{"x":-0.12785564363002778,"y":0.6588371396064758,"z":-0.11502056568861008,"w":-0.7323639392852783},"size":3.603654384613037,"orthographic":false}