{"cameraMode":{"drawMode":0,"name":"Shaded","section":"Shading Mode"},"sceneLighting":false,"audioPlay":false,"sceneViewState":{"showFog":true,"showMaterialUpdate":false,"showSkybox":true,"showFlares":true,"showImageEffects":true,"showParticleSystems":true},"in2DMode":false,"pivot":{"x":-9.233749389648438,"y":12.94149112701416,"z":-8.209839820861817},"rotation":{"x":0.29984787106513979,"y":0.30998891592025759,"z":-0.10371031612157822,"w":0.8962379097938538},"size":6.757885456085205,"orthographic":false}