{"cameraMode":{"drawMode":0,"name":"Shaded","section":"Shading Mode"},"sceneLighting":true,"audioPlay":false,"sceneViewState":{"showFog":true,"showMaterialUpdate":false,"showSkybox":true,"showFlares":true,"showImageEffects":true,"showParticleSystems":true},"in2DMode":false,"pivot":{"x":26.55824089050293,"y":4.400054931640625,"z":-51.17803955078125},"rotation":{"x":-0.4350832402706146,"y":0.029182709753513337,"z":-0.014109963551163674,"w":-0.8998066186904907},"size":114.93852233886719,"orthographic":false}