{"cameraMode":{"drawMode":0,"name":"Shaded","section":"Shading Mode"},"sceneLighting":true,"audioPlay":false,"sceneViewState":{"showFog":true,"showMaterialUpdate":false,"showSkybox":true,"showFlares":true,"showImageEffects":true,"showParticleSystems":true},"in2DMode":false,"pivot":{"x":856.3862915039063,"y":-3813.44921875,"z":6206.31982421875},"rotation":{"x":0.2665562927722931,"y":0.06323989480733872,"z":-0.01753426343202591,"w":0.9615825414657593},"size":7745.17724609375,"orthographic":false}

