{"cameraMode":{"drawMode":0,"name":"Shaded","section":"Shading Mode"},"sceneLighting":true,"audioPlay":false,"sceneViewState":{"showFog":true,"showMaterialUpdate":false,"showSkybox":true,"showFlares":true,"showImageEffects":true,"showParticleSystems":true},"in2DMode":false,"pivot":{"x":-118.62053680419922,"y":652.3567504882813,"z":-498.86602783203127},"rotation":{"x":-0.4266909658908844,"y":0.2867833375930786,"z":-0.14474190771579743,"w":-0.8454229831695557},"size":583.7042236328125,"orthographic":false}