{"cameraMode":{"drawMode":0,"name":"Shaded","section":"Shading Mode"},"sceneLighting":true,"audioPlay":false,"sceneViewState":{"showFog":true,"showMaterialUpdate":false,"showSkybox":true,"showFlares":true,"showImageEffects":true,"showParticleSystems":true},"in2DMode":false,"pivot":{"x":4222.79248046875,"y":-5540.68359375,"z":-7392.34912109375},"rotation":{"x":-0.07331188768148422,"y":-0.9261268377304077,"z":0.277801513671875,"w":-0.2444193810224533},"size":10846.68359375,"orthographic":false}