{"cameraMode":{"drawMode":0,"name":"Shaded","section":"Shading Mode"},"sceneLighting":false,"audioPlay":false,"sceneViewState":{"showFog":true,"showMaterialUpdate":false,"showSkybox":true,"showFlares":true,"showImageEffects":true,"showParticleSystems":true},"in2DMode":false,"pivot":{"x":-17.701711654663087,"y":75.59650421142578,"z":-7.8395280838012699},"rotation":{"x":-0.3800266981124878,"y":-0.24562694132328034,"z":0.10541316121816635,"w":-0.8855141401290894},"size":86.65198516845703,"orthographic":false}