{"cameraMode":{"drawMode":0,"name":"Shaded","section":"Shading Mode"},"sceneLighting":false,"audioPlay":false,"sceneViewState":{"showFog":true,"showMaterialUpdate":false,"showSkybox":true,"showFlares":true,"showImageEffects":true,"showParticleSystems":true},"in2DMode":false,"pivot":{"x":6.66265869140625,"y":15.16576862335205,"z":0.5625},"rotation":{"x":-0.023516139015555383,"y":-0.9724366068840027,"z":0.11281856894493103,"w":-0.20269715785980225},"size":29.740224838256837,"orthographic":true}