{"cameraMode":{"drawMode":0,"name":"Shaded","section":"Shading Mode"},"sceneLighting":true,"audioPlay":false,"sceneViewState":{"showFog":true,"showMaterialUpdate":false,"showSkybox":true,"showFlares":true,"showImageEffects":true,"showParticleSystems":true},"in2DMode":false,"pivot":{"x":-43.0323486328125,"y":66.444580078125,"z":174.35910034179688},"rotation":{"x":-0.2227242887020111,"y":-0.17493672668933869,"z":0.04066300019621849,"w":-0.9581949710845947},"size":60.65619659423828,"orthographic":false}