{"cameraMode":{"drawMode":0,"name":"Shaded","section":"Shading Mode"},"sceneLighting":true,"audioPlay":false,"sceneViewState":{"showFog":true,"showMaterialUpdate":false,"showSkybox":true,"showFlares":true,"showImageEffects":true,"showParticleSystems":true},"in2DMode":false,"pivot":{"x":227.29336547851563,"y":-90.72651672363281,"z":-447.0823974609375},"rotation":{"x":0.4272508919239044,"y":-0.12944066524505616,"z":0.061953119933605197,"w":0.8926722407341003},"size":165.06500244140626,"orthographic":false}