{"cameraMode":{"drawMode":0,"name":"Shaded","section":"Shading Mode"},"sceneLighting":false,"audioPlay":false,"sceneViewState":{"showFog":true,"showMaterialUpdate":false,"showSkybox":true,"showFlares":true,"showImageEffects":true,"showParticleSystems":true},"in2DMode":false,"pivot":{"x":0.6371021866798401,"y":0.11642101407051087,"z":0.3185408413410187},"rotation":{"x":0.09134051203727722,"y":-0.8205408453941345,"z":0.13692334294319154,"w":0.5473771691322327},"size":3.007516860961914,"orthographic":false}