{"cameraMode":{"drawMode":0,"name":"Shaded","section":"Shading Mode"},"sceneLighting":true,"audioPlay":false,"sceneViewState":{"showFog":true,"showMaterialUpdate":false,"showSkybox":true,"showFlares":true,"showImageEffects":true,"showParticleSystems":true},"in2DMode":false,"pivot":{"x":46.7612419128418,"y":28.254697799682618,"z":-119.38924407958985},"rotation":{"x":0.14417390525341035,"y":-0.12433397024869919,"z":0.01826370507478714,"w":0.9815403819084168},"size":14.941390037536621,"orthographic":false}