{"cameraMode":{"drawMode":0,"name":"Shaded","section":"Shading Mode"},"sceneLighting":false,"audioPlay":false,"sceneViewState":{"showFog":true,"showMaterialUpdate":false,"showSkybox":true,"showFlares":true,"showImageEffects":true,"showParticleSystems":true},"in2DMode":false,"pivot":{"x":-0.10024936497211456,"y":-2.41479754447937,"z":-0.05419866740703583},"rotation":{"x":-0.20167620480060578,"y":0.5682336091995239,"z":-0.14611753821372987,"w":-0.7842748165130615},"size":46.55065155029297,"orthographic":false}