{"cameraMode":{"drawMode":0,"name":"Shaded","section":"Shading Mode"},"sceneLighting":false,"audioPlay":false,"sceneViewState":{"showFog":true,"showMaterialUpdate":false,"showSkybox":true,"showFlares":true,"showImageEffects":true,"showParticleSystems":true},"in2DMode":false,"pivot":{"x":-22.456100463867189,"y":81.5654067993164,"z":-6.83172607421875},"rotation":{"x":-0.2943202555179596,"y":-0.48680540919303896,"z":0.17846329510211945,"w":-0.8028368353843689},"size":15.293152809143067,"orthographic":false}