{"cameraMode":{"drawMode":0,"name":"Shaded","section":"Shading Mode"},"sceneLighting":true,"audioPlay":false,"sceneViewState":{"showFog":true,"showMaterialUpdate":false,"showSkybox":true,"showFlares":true,"showImageEffects":true,"showParticleSystems":true},"in2DMode":false,"pivot":{"x":30.900827407836915,"y":-38.66712188720703,"z":31.329326629638673},"rotation":{"x":0.5135154128074646,"y":-0.14274103939533235,"z":0.0870930552482605,"w":0.8416304588317871},"size":169.82835388183595,"orthographic":false}